session_id,participant_id,status,started_datetime,completed_date_time,time_taken,age,sex,language,current_country_of_residence,nationality,country_of_birth,ethnicity,student_status,employment_status,num_approvals,num_rejections,prolific_score,reviewed_at_datetime,entered_code,English speaking Monolingual
5abea1f2f69e940001d9471f,5a79e8161904200001558ea5,Approved,2018-03-30 20:45:38.969000,2018-03-30 20:52:26.184000,407.215,20,Male,English,Ireland,Ireland,Ireland,Caucasian,Yes,Unemployed (and job seeking),1,0,100,2018-03-30 21:22:01.848000,Q077JXSFO,I only know English
5abea5691667e40001d82b18,59f4844cbe9c0c0001486960,Timed-Out,2018-03-30 21:00:25.795000,,243530.808336,34,Female,English,United Kingdom,United Kingdom,United Kingdom,Mixed,No,Part-Time,33,0,100,,,I only know English
5abea5c368b65b00018d2003,5abbee791667e40001d80694,Approved,2018-03-30 21:01:55.923000,2018-03-30 21:06:29.076000,273.153,30,Female,English,United Kingdom,United Kingdom,United Kingdom,Caucasian,Yes,Full-Time,5,0,100,2018-03-30 21:22:03.284000,Q077JXSFO,I only know English
5abea7f5436f550001ffa422,599c9d94d0bcd10001dd9520,Rejected,2018-03-30 21:11:17.667000,2018-03-30 21:13:14.607000,116.94,35,Female,English,United Kingdom,United Kingdom,United Kingdom,Caucasian,No,Part-Time,0,1,100,2018-03-31 18:42:42.986000,NOCODE,I only know English
5abea808e734400001d9fdad,592eb652b97ad000017449da,Approved,2018-03-30 21:11:36.337000,2018-03-30 21:16:05.497000,269.16,24,Female,English,United Kingdom,United Kingdom,United Kingdom,Caucasian,No,Part-Time,25,0,100,2018-03-30 21:22:04.050000,Q077JXSFO,I only know English
5abeaaf9e734400001d9fdcf,584ae4ded94df300014c6281,Approved,2018-03-30 21:24:09.214000,2018-03-30 21:30:16.052000,366.838,39,Female,English,United Kingdom,United Kingdom,Canada,Caucasian,No,Full-Time,22,0,100,2018-03-31 18:40:59.127000,Q077JXSFO,I only know English
5abeab499534ba0001c709a9,58fcf3c797ddae0001a66535,Timed-Out,2018-03-30 21:25:29.285000,,242030.128146,32,Female,English,United Kingdom,United Kingdom,United Kingdom,Caucasian,No,"Not in paid work (e.g. homemaker, retired or disabled)",90,0,100,,,I only know English
5abeab5568b65b00018d2051,5952b968243bab0001bd2bcd,Approved,2018-03-30 21:25:41.662000,2018-03-30 21:31:41.333000,359.671,41,Female,English,United Kingdom,United Kingdom,United Kingdom,Caucasian,No,Full-Time,99,1,100,2018-03-31 18:41:02.522000,Q077JXSFO,I only know English
5abeabb5e734400001d9fdd6,5797bc9aad1a6c000146818c,Approved,2018-03-30 21:27:17.786000,2018-03-30 21:32:39.416000,321.63,57,Male,English,United Kingdom,United Kingdom,United Kingdom,Caucasian,No,Full-Time,190,2,100,2018-03-31 18:41:03.338000,Q077JXSFO,I only know English
5abeace21667e40001d82b7b,5a8044b1eea3d300016e3da1,Approved,2018-03-30 21:32:18.533000,2018-03-30 21:38:23.844000,365.311,73,Female,English,United Kingdom,United Kingdom,United Kingdom,Caucasian,No,"Not in paid work (e.g. homemaker, retired or disabled)",4,0,100,2018-03-31 18:41:10.024000,Q077JXSFO,I only know English
5abeacf15cd105000161fdbc,58131e96a293da0001b68f81,Approved,2018-03-30 21:32:33.226000,2018-03-30 21:37:55.270000,322.044,34,Female,English,United Kingdom,United Kingdom,United Kingdom,Caucasian,No,Full-Time,23,2,98,2018-03-31 18:41:04.099000,Q077JXSFO,I only know English
5abead42a3ba7a0001b46ad5,59a800138ae07f0001b134c8,Approved,2018-03-30 21:33:54.108000,2018-03-30 21:39:05.087000,310.979,46,Female,English,United Kingdom,United Kingdom,United Kingdom,Caucasian,No,Part-Time,97,0,100,2018-03-31 18:41:05.476000,Q077JXSFO,I only know English
5abead8ea3ba7a0001b46ad7,59d39d8200d49400018173d9,Approved,2018-03-30 21:35:10.815000,2018-03-30 21:41:13.820000,363.005,42,Female,English,United Kingdom,United Kingdom,United Kingdom,Caucasian,No,Full-Time,98,1,100,2018-03-31 18:41:07.931000,Q077JXSFO,I only know English
5abeae6268b65b00018d208b,596c2da3389a5b0001264c15,Approved,2018-03-30 21:38:42.678000,2018-03-30 21:43:44.144000,301.466,22,Male,English,United States,United States,United States,Caucasian,No,Unemployed (and job seeking),44,0,100,2018-03-31 18:41:07.836000,Q077JXSFO,I only know English
5abeaebee1546900019bc934,58da6318ac73bd0001342afb,Approved,2018-03-30 21:40:14.295000,2018-03-30 21:44:24.686000,250.391,60,Male,English,United Kingdom,United Kingdom,United Kingdom,Caucasian,No,"Not in paid work (e.g. homemaker, retired or disabled)",72,15,90,2018-03-31 18:41:06.304000,Q077JXSFO,I only know English
5abeaee79534ba0001c709df,5a0817affe645f0001e9efdf,Timed-Out,2018-03-30 21:40:55.649000,,241105.29785,24,Female,English,United Kingdom,United Kingdom,United Kingdom,Caucasian,No,Part-Time,73,3,99,,,I only know English
5abeaf24f69e940001d947ba,59b6e6ddb269ef00018018c6,Approved,2018-03-30 21:41:56.277000,2018-03-30 21:50:48.244000,531.967,52,Male,English,United Kingdom,United Kingdom,United Kingdom,Caucasian,No,Part-Time,95,2,100,2018-03-31 18:41:15.773000,Q077JXSFO,I only know English
5abeaf909534ba0001c709e6,5924be80b8177e0001975ec7,Approved,2018-03-30 21:43:44.149000,2018-03-30 21:49:22.277000,338.128,25,Female,English,United Kingdom,Ireland,United Kingdom,Caucasian,No,Full-Time,134,4,99,2018-03-31 18:41:12.548000,Q077JXSFO,I only know English
5abeafb068b65b00018d209d,5abd4944a3ba7a0001b45d50,Approved,2018-03-30 21:44:16.433000,2018-03-30 21:48:59.192000,282.759,28,Female,English,United Kingdom,United Kingdom,United Kingdom,Caucasian,No,Part-Time,2,0,100,2018-03-31 18:41:06.667000,Q077JXSFO,I only know English
5abeafd6e1546900019bc94e,55590340fdf99b06175ee236,Timed-Out,2018-03-30 21:44:54.671000,,240867.579359,30,Female,English,United Kingdom,United Kingdom,United Kingdom,Caucasian,No,Full-Time,228,2,100,,,I only know English
5abeb0790527ba0001c1e0bd,59f119b662637600014a87cd,Approved,2018-03-30 21:47:37.357000,2018-03-30 21:52:55.722000,318.365,31,Female,English,United Kingdom,United Kingdom,United Kingdom,Caucasian,No,Unemployed (and job seeking),7,0,100,2018-03-31 18:41:07.915000,Q077JXSFO,I only know English
5abeb0fae1546900019bc95e,54c9338ffdf99b5ae29f4383,Approved,2018-03-30 21:49:46.176000,2018-03-30 21:56:37.491000,411.315,22,Male,English,United Kingdom,United Kingdom,United Kingdom,Caucasian,Yes,"Not in paid work (e.g. homemaker, retired or disabled)",152,0,100,2018-03-31 18:41:09.759000,Q077JXSFO,I only know English
5abeb100e1099600016a5284,5abe008ff69e940001d93f94,Approved,2018-03-30 21:49:52.217000,2018-03-30 21:56:29.289000,397.072,21,Male,English,United Kingdom,United Kingdom,United Kingdom,Caucasian,Yes,Part-Time,3,0,100,2018-03-31 18:41:18.515000,Q077JXSFO,I only know English
5abeb18668b65b00018d20b2,5a9851976475f900019fdfd4,Approved,2018-03-30 21:52:05.872000,2018-03-30 21:56:07.749000,241.877,29,Female,English,United Kingdom,United Kingdom,United Kingdom,Caucasian,No,Full-Time,6,2,93,2018-03-31 18:41:09.747000,Q077JXSFO,I only know English
5abeb1a8fa3b4e0001733598,5975ea651a800200011cd0f7,Approved,2018-03-30 21:52:40.208000,2018-03-30 21:59:01.752000,381.544,34,Male,English,United Kingdom,United Kingdom,United Kingdom,Caucasian,No,Full-Time,146,1,100,2018-03-31 18:41:24.559000,Q077JXSFO,I only know English
5abeb1e19534ba0001c709fe,5a6d813e0384310001947c6d,Approved,2018-03-30 21:53:37.005000,2018-03-30 22:02:27.784000,530.779,26,Male,English,Australia,Australia,Australia,Caucasian,Yes,Part-Time,14,0,100,2018-03-31 18:41:09.888000,Q077JXSFO,I only know English
5abeb384fa3b4e00017335ae,58c508c1b101a700012938fa,Approved,2018-03-30 22:00:36.544000,2018-03-30 22:04:54.827000,258.283,37,Male,English,United Kingdom,United Kingdom,United Kingdom,Caucasian,No,Full-Time,132,0,100,2018-03-31 18:41:10.720000,Q077JXSFO,I only know English
5abeb46268b65b00018d20d1,577a1ba12ed4a60001ad55dc,Approved,2018-03-30 22:04:18.142000,2018-03-30 22:11:16.921000,418.779,56,Male,English,United Kingdom,United Kingdom,United Kingdom,Caucasian,No,"Not in paid work (e.g. homemaker, retired or disabled)",115,0,100,2018-03-31 18:41:10.672000,Q077JXSFO,I only know English
5abeb476e734400001d9fe40,59fadb76f4217300016cc713,Timed-Out,2018-03-30 22:04:38.483000,,239685.787833,34,Female,English,United Kingdom,United Kingdom,United Kingdom,Other,No,Part-Time,65,1,100,,,I only know English
5abeb578436f550001ffa4cd,59b94b6211212f0001cd118a,Approved,2018-03-30 22:08:56.641000,2018-03-30 22:15:43.435000,406.794,25,Male,English,Australia,Australia,New Zealand,Caucasian,No,Unemployed (and job seeking),27,0,100,2018-03-31 18:41:18.519000,Q077JXSFO,I only know English
5abeb580436f550001ffa4ce,54232559fdf99b328baf8e97,Approved,2018-03-30 22:09:04.720000,2018-03-30 22:13:54.689000,289.969,45,Female,English,United Kingdom,United Kingdom,United Kingdom,Caucasian,No,Full-Time,404,6,100,2018-03-31 18:41:13.782000,Q077JXSFO,I only know English
5abeb590fa3b4e00017335b9,584a9b1a49ab8b000156b17c,Approved,2018-03-30 22:09:20.528000,2018-03-30 22:15:52.241000,391.713,18,Male,English,Australia,Australia,Australia,South Asian,Yes,"Not in paid work (e.g. homemaker, retired or disabled)",36,1,100,2018-03-31 18:41:18.518000,Q077JXSFO,I only know English
5abeb5ab436f550001ffa4d1,5a8e98daae9a0b0001aa430b,Timed-Out,2018-03-30 22:09:47.009000,,239377.723272,29,Female,English,United Kingdom,United Kingdom,United Kingdom,Caucasian,No,Full-Time,9,0,100,,,I only know English
5abeb5c0f69e940001d94804,59e8e3c8c0d35a000129539e,Approved,2018-03-30 22:10:08.914000,2018-03-30 22:15:32.015000,323.101,29,Male,English,United States,United States,United States,Caucasian,No,Full-Time,33,0,100,2018-03-31 18:41:13.788000,Q077JXSFO,I only know English
5abeb5d0436f550001ffa4d2,5aafdf0f78b359000125b33b,Approved,2018-03-30 22:10:24.078000,2018-03-30 22:15:37.309000,313.231,22,Female,English,United States,United States,United States,Mixed,No,Unemployed (and job seeking),5,0,100,2018-03-31 18:41:18.430000,Q077JXSFO,I only know English
5abeb5d71667e40001d82bca,5a3c29540796ee000153d69f,Timed-Out,2018-03-30 22:10:31.414000,,239333.809375,21,Male,English,Canada,Canada,Canada,Mixed,No,Full-Time,38,3,98,,,I only know English
5abeb671e734400001d9fe59,56eb00e515ef53000b46726c,Approved,2018-03-30 22:13:05.714000,2018-03-30 22:19:36.831000,391.117,45,Female,English,United Kingdom,United Kingdom,United Kingdom,Caribbean,No,Full-Time,317,3,100,2018-03-31 18:41:14.472000,Q077JXSFO,I only know English
5abeb6a3e1546900019bc99b,5992503a0675b100014daefa,Approved,2018-03-30 22:13:55.605000,2018-03-30 22:19:54.467000,358.862,33,Female,English,Canada,Canada,Canada,Caucasian,No,Unemployed (and job seeking),57,0,100,2018-03-31 18:41:13.331000,Q077JXSFO,I only know English
5abeb72cf69e940001d94819,59a534dc4d25e800012fcd66,Approved,2018-03-30 22:16:12.032000,2018-03-30 22:22:20.313000,368.281,58,Female,English,United Kingdom,United Kingdom,United Kingdom,Caucasian,No,Full-Time,29,0,100,2018-03-31 18:41:14.373000,Q077JXSFO,I only know English
5abeb7520527ba0001c1e0fa,59d4c258f35ff40001914ce2,Timed-Out,2018-03-30 22:16:50.749000,,238955.186423,32,Female,English,United Kingdom,United Kingdom,United Kingdom,Caucasian,No,Full-Time,42,2,99,,,I only know English
5abeb75efa3b4e00017335ca,596c510e12e7f700013b54ea,Timed-Out,2018-03-30 22:17:02.500000,,238943.563452,48,Female,English,United Kingdom,United Kingdom,United Kingdom,Caucasian,No,Full-Time,23,0,100,,,I only know English
5abeb775a3ba7a0001b46b64,55d06fd334e9060012e5781c,Approved,2018-03-30 22:17:25.889000,2018-03-30 22:21:58.842000,272.953,29,Female,English,United Kingdom,United Kingdom,United Kingdom,Caucasian,No,Full-Time,68,0,100,2018-03-31 18:41:14.769000,Q077JXSFO,I only know English
5abeb7a19534ba0001c70a36,54ce8174fdf99b794176a16f,Approved,2018-03-30 22:18:09.733000,2018-03-30 22:22:30.260000,260.527,38,Female,English,United Kingdom,United Kingdom,United Kingdom,Caucasian,Yes,Part-Time,390,8,99,2018-03-31 18:41:14.643000,Q077JXSFO,I only know English
5abeb7dcf69e940001d94824,5a93c2044eecca0001dd2dd3,Approved,2018-03-30 22:19:08.168000,2018-03-30 22:42:14.393000,1386.225,24,Male,English,United States,United States,United States,Caucasian,No,Full-Time,12,0,100,2018-03-31 18:42:58.161000,Q077JXSFO,I only know English
5abeb819fa3b4e00017335d3,59da8d89c27f690001079ae0,Approved,2018-03-30 22:20:09.166000,2018-03-30 22:24:37.886000,268.72,32,Female,English,United Kingdom,United Kingdom,United Kingdom,Caucasian,,Full-Time,25,0,100,2018-03-31 18:41:16.298000,Q077JXSFO,I only know English
5abeb85668b65b00018d2102,5a65eaf863394a000155746d,Approved,2018-03-30 22:21:10.041000,2018-03-30 22:25:55.773000,285.732,36,Female,English,United Kingdom,United Kingdom,United Kingdom,Caucasian,No,Part-Time,29,0,100,2018-03-31 18:41:16.169000,Q077JXSFO,I only know English
5abeb89c9534ba0001c70a3e,5aadfae5c4e8f200014b3bd4,Approved,2018-03-30 22:22:20.640000,2018-03-30 22:33:07.335000,646.695,28,Female,English,Australia,Australia,Australia,Caucasian,Yes,Full-Time,6,0,100,2018-03-31 18:42:49.122000,Q077JXSFO,I only know English
5abeb9035cd105000161fe60,5a3ac63d2f3c2500018bc452,Approved,2018-03-30 22:24:03.724000,2018-03-30 22:28:31.519000,267.795,52,Female,English,United Kingdom,United Kingdom,United Kingdom,Caucasian,No,"Not in paid work (e.g. homemaker, retired or disabled)",37,0,100,2018-03-31 18:41:18.388000,Q077JXSFO,I only know English
5abeb9339534ba0001c70a4c,59e69c7377860e0001512eb5,Approved,2018-03-30 22:24:51.741000,2018-03-30 22:30:18,326.259,25,Male,English,United Kingdom,United Kingdom,United Kingdom,Caucasian,No,Full-Time,16,0,100,2018-03-31 18:41:16.400000,Q077JXSFO,I only know English
5abeb979f69e940001d94832,56fae740aeaff7000c8db64b,Timed-Out,2018-03-30 22:26:00.917000,,238406.730554,51,Female,English,United Kingdom,United Kingdom,United Kingdom,Caucasian,No,Part-Time,124,5,99,,,I only know English
5abeb97f1667e40001d82bfa,57f5ebac733f560001b587c9,Approved,2018-03-30 22:26:07.902000,2018-03-30 22:33:08.260000,420.358,33,Male,English,Ireland,Ireland,Ireland,Caucasian,No,Full-Time,234,9,99,2018-03-31 18:41:27.396000,Q077JXSFO,I only know English
5abeb9aba3ba7a0001b46b96,59466291d504750001dce1e8,Approved,2018-03-30 22:26:51.181000,2018-03-30 22:35:48.579000,537.398,55,Female,English,United Kingdom,United Kingdom,United Kingdom,Mixed,No,Part-Time,108,3,100,2018-03-31 18:41:25.412000,Q077JXSFO,I only know English
5abeb9b5a3ba7a0001b46b97,59d9f6e7e776fd00015ec7ad,Timed-Out,2018-03-30 22:27:01.381000,,238346.727475,23,Female,English,United Kingdom,United Kingdom,United Kingdom,Caucasian,No,Full-Time,30,2,99,,,I only know English
5abeba019534ba0001c70a5e,5a8cda628fe2dc00010644a9,Approved,2018-03-30 22:28:17.447000,2018-03-30 22:32:39.716000,262.269,27,Male,English,Canada,Canada,Canada,Caucasian,No,Full-Time,13,0,100,2018-03-31 18:41:18.509000,Q077JXSFO,I only know English
5abeba4d9534ba0001c70a60,5601464e77f33b0012cb4130,Approved,2018-03-30 22:29:33.595000,2018-03-30 22:34:09.174000,275.579,26,Female,English,United Kingdom,United Kingdom,United Kingdom,Caucasian,No,Unemployed (and job seeking),520,10,99,2018-03-31 18:41:20.055000,Q077JXSFO,I only know English
5abeba555cd105000161fe78,5996025a5f49420001cafcdc,Approved,2018-03-30 22:29:41.659000,2018-03-30 22:38:03.184000,501.525,42,Male,English,Canada,Canada,Canada,Caucasian,No,Full-Time,107,2,100,2018-03-31 18:42:51.949000,Q077JXSFO,I only know English
5abeba63f69e940001d94855,5aa85c001eda41000136ee79,Approved,2018-03-30 22:29:55.758000,2018-03-30 22:35:29.311000,333.553,20,Male,English,United States,United States,United States,Caucasian,Yes,Unemployed (and job seeking),5,0,100,2018-03-31 18:41:18.012000,Q077JXSFO,I only know English
5abeba85e734400001d9fe93,59634af44d00a70001bf38bd,Approved,2018-03-30 22:30:29.128000,2018-03-30 23:00:43.741000,1814.613,37,Female,English,United Kingdom,Ireland,Ireland,Caucasian,No,Full-Time,66,2,100,2018-03-31 18:43:13.310000,Q077JXSFO,I only know English
5abeba9e0527ba0001c1e120,55998a12fdf99b37246ad824,Approved,2018-03-30 22:30:54.100000,2018-03-30 22:36:13.370000,319.27,29,Male,English,United Kingdom,United Kingdom,United Kingdom,Caucasian,No,Full-Time,364,3,100,2018-03-31 18:42:50.806000,Q077JXSFO,I only know English
5abebaf068b65b00018d2131,57a9e6f82fc0d400012c9db2,Approved,2018-03-30 22:32:16.065000,2018-03-30 22:37:32.237000,316.172,33,Female,English,United States,United States,United States,Caucasian,Yes,Full-Time,85,1,100,2018-03-31 18:42:51.325000,Q077JXSFO,I only know English
5abebb16a3ba7a0001b46baa,59837ec704619b00011a8ddb,Approved,2018-03-30 22:32:54.908000,2018-03-30 22:38:13.772000,318.864,28,Female,English,United States,United States,United States,Caucasian,No,Unemployed (and job seeking),142,2,100,2018-03-31 18:42:52.731000,Q077JXSFO,I only know English
5abebb1ae734400001d9fe9c,5aa7c393f6dfdd0001eb0f87,Approved,2018-03-30 22:32:58.069000,2018-03-30 22:41:46.411000,528.342,41,Male,Spanish,Spain,Spain,Spain,Latino/Hispanic,No,Full-Time,6,1,98,2018-03-31 18:42:59.410000,NOCODE,I only know English
5abebc5e5cd105000161fe86,596c8dce12209100018745de,Approved,2018-03-30 22:38:22.515000,2018-03-30 22:43:20.013000,297.498,46,Female,English,United Kingdom,United Kingdom,United Kingdom,Caucasian,No,"Not in paid work (e.g. homemaker, retired or disabled)",125,5,99,2018-03-31 18:43:02.339000,Q077JXSFO,I only know English
5abebc6d5cd105000161fe87,577d9254c6144900014a0083,Approved,2018-03-30 22:38:37.230000,2018-03-30 22:43:30.264000,293.034,55,Female,English,United Kingdom,United Kingdom,United Kingdom,Caucasian,No,Part-Time,570,6,100,2018-03-31 18:42:59.385000,Q077JXSFO,I only know English
5abebc9ef69e940001d94864,5a0474e4fe645f0001e9ed4a,Approved,2018-03-30 22:39:26.050000,2018-03-30 22:46:52.566000,446.516,24,Female,English,United Kingdom,United Kingdom,United Kingdom,Caucasian,No,Part-Time,36,0,100,2018-03-31 18:43:00.890000,Q077JXSFO,I only know English
5abebc9ea3ba7a0001b46bb5,56e5e6ef25f3bd000a40820c,Approved,2018-03-30 22:39:26.735000,2018-03-30 22:45:02.527000,335.792,45,Female,English,United States,United States,United States,Caucasian,No,Full-Time,451,4,100,2018-03-31 18:43:00.039000,Q077JXSFO,I only know English
5abebcbd436f550001ffa523,59568dd9fd57df0001543678,Timed-Out,2018-03-30 22:39:57.450000,,237573.4128,36,Male,English,United Kingdom,United Kingdom,United Kingdom,Caucasian,No,Full-Time,143,3,100,,,I only know English
5abebcd99534ba0001c70a74,59c03732c458e800017b5477,Timed-Out,2018-03-30 22:40:25.574000,,237545.391649,28,Female,English,United Kingdom,United Kingdom,United Kingdom,Other,No,Part-Time,54,2,100,,,I only know English
5abebce1e1099600016a52f2,598728a8d3103300010a32f5,Approved,2018-03-30 22:40:33.243000,2018-03-30 22:46:34.579000,361.336,24,Female,English,United States,United States,United States,Caucasian,No,"Not in paid work (e.g. homemaker, retired or disabled)",69,1,100,2018-03-31 18:43:05.572000,Q077JXSFO,I only know English
5abebd22f69e940001d94868,5a667cebb9e3b50001a72734,Approved,2018-03-30 22:41:38.538000,2018-03-30 22:48:42.146000,423.608,45,Male,English,United Kingdom,United Kingdom,United Kingdom,Caucasian,No,Part-Time,28,1,100,2018-03-31 18:43:01.772000,Q077JXSFO,I only know English
5abebd50e734400001d9febb,596e51b8b174180001756e7a,Approved,2018-03-30 22:42:24.487000,2018-03-30 22:48:09.162000,344.675,31,Male,English,United Kingdom,United Kingdom,United Kingdom,Caucasian,No,Full-Time,81,4,99,2018-03-31 18:43:05.156000,Q077JXSFO,I only know English
5abebd9e436f550001ffa532,59ad23d45ea0f300012816ad,Approved,2018-03-30 22:43:42.567000,2018-03-30 22:50:38.737000,416.17,22,Female,English,United Kingdom,United Kingdom,United Kingdom,Caucasian,No,Unemployed (and job seeking),42,1,100,2018-03-31 18:43:08.497000,Q077JXSFO,I only know English
5abebe34a3ba7a0001b46c19,57f0d96061e8340001877045,Approved,2018-03-30 22:46:12.812000,2018-03-30 22:51:48.162000,335.35,56,Male,English,United States,United States,United States,Caucasian,No,"Not in paid work (e.g. homemaker, retired or disabled)",252,1,100,2018-03-31 18:43:07.820000,Q077JXSFO,I only know English
5abebe7be1099600016a5305,585ffaf6a205a90001e7e30d,Approved,2018-03-30 22:47:23.448000,2018-03-30 22:51:52.706000,269.258,20,Male,English,United Kingdom,United Kingdom,United Kingdom,Caucasian,No,"Not in paid work (e.g. homemaker, retired or disabled)",187,4,100,2018-03-31 18:43:03.540000,Q077JXSFO,I only know English
5abebe86a3ba7a0001b46c23,5962f252b692380001417ab9,Approved,2018-03-30 22:47:34.857000,2018-03-30 22:56:36.299000,541.442,55,Female,English,Canada,United Kingdom,Cyprus,Caucasian,No,Unemployed (and job seeking),28,0,100,2018-03-31 18:43:06.271000,Q077JXSFO,I only know English
5abebf00e1546900019bca09,589c05b834fcb30001052bde,Approved,2018-03-30 22:49:36.007000,2018-03-30 22:54:26.558000,290.551,18,Female,English,United States,United States,United States,South Asian,Yes,Unemployed (and job seeking),158,1,100,2018-03-31 18:43:12.811000,Q077JXSFO,I only know English
5abebf115cd105000161fea6,55f42b6a32af740005170bd0,Approved,2018-03-30 22:49:53.198000,2018-03-30 22:54:12.422000,259.224,40,Female,English,United Kingdom,United Kingdom,United Kingdom,Caucasian,No,Part-Time,535,2,100,2018-03-31 18:43:06.124000,Q077JXSFO,I only know English
5abebf1af69e940001d94883,56bb6364724769000cb8ec0a,Approved,2018-03-30 22:50:02.719000,2018-03-30 22:55:52.891000,350.172,42,Female,English,United Kingdom,Australia,Malaysia,East Asian,No,"Not in paid work (e.g. homemaker, retired or disabled)",282,2,100,2018-03-31 18:43:10.555000,Q077JXSFO,I only know English
5abebf1d68b65b00018d216e,59538c486d3780000120ddbc,Timed-Out,2018-03-30 22:50:05.009000,,236967.715921,25,Female,English,United Kingdom,United Kingdom,United Kingdom,Mixed,No,Part-Time,58,4,98,,,I only know English
5abebf56e734400001d9fed3,58c565298a3f870001c0e70d,Approved,2018-03-30 22:51:02.825000,2018-03-30 22:56:39.137000,336.312,29,Male,English,United Kingdom,United Kingdom,United Kingdom,Caucasian,No,Full-Time,293,4,100,2018-03-31 18:43:08.440000,Q077JXSFO,I only know English
5abebf76f69e940001d94889,5681739dc5767f00051de427,Approved,2018-03-30 22:51:34.262000,2018-03-30 23:00:10.827000,516.565,50,Female,English,United Kingdom,United Kingdom,United Kingdom,Caucasian,No,"Not in paid work (e.g. homemaker, retired or disabled)",309,3,100,2018-03-31 18:43:16.576000,Q077JXSFO,I only know English
5abebf779534ba0001c70a97,587968cb5c17910001ea5190,Timed-Out,2018-03-30 22:51:35.306000,,236877.898745,53,Male,English,United States,United States,United States,Caucasian,No,Unemployed (and job seeking),3,0,100,,,I only know English
5abebf8afa3b4e0001733648,5a4636c92f91ec0001dcba07,Approved,2018-03-30 22:51:54.902000,2018-03-30 22:58:08.331000,373.429,26,Female,English,United States,United States,United States,Caucasian,No,Full-Time,81,0,100,2018-03-31 18:43:07.207000,Q077JXSFO,I only know English
5abebf8e5cd105000161feac,5a74a459f1408d000175ec79,Approved,2018-03-30 22:51:58.615000,2018-03-30 22:55:59.421000,240.806,25,Female,English,United Kingdom,United Kingdom,United Kingdom,Caucasian,No,Full-Time,21,1,100,2018-03-31 18:43:10.092000,Q077JXSFO,I only know English
5abebfd8f69e940001d94891,5aa4f3c4b5e2110001c72b30,Timed-Out,2018-03-30 22:53:12.837000,,236780.784242,31,Female,English,United Kingdom,United Kingdom,United Kingdom,Mixed,No,Full-Time,3,0,100,,,I only know English
5abebfe00527ba0001c1e14d,5601478877f33b0010cb2bfc,Approved,2018-03-30 22:53:20.794000,2018-03-30 23:00:21.183000,420.389,53,Male,English,Ireland,Ireland,United Kingdom,Caucasian,No,Part-Time,253,1,100,2018-03-31 18:43:19.186000,Q077JXSFO,I only know English
5abebfe81667e40001d82c36,58b6424b8f14260001a6bcd0,Approved,2018-03-30 22:53:28.705000,2018-03-30 22:59:32.149000,363.444,29,Male,English,United Kingdom,United Kingdom,United Kingdom,Caucasian,No,"Not in paid work (e.g. homemaker, retired or disabled)",66,1,100,2018-03-31 18:43:17.848000,Q077JXSFO,I only know English
5abec071e734400001d9fefd,5a8d42df1904200001563fbc,Approved,2018-03-30 22:55:45.347000,2018-03-30 23:02:58.997000,433.65,19,Female,English,Australia,Australia,Australia,Caucasian,Yes,Part-Time,24,0,100,2018-03-31 18:43:34.012000,Q077JXSFO,I only know English
5abec09868b65b00018d2191,5a831192000dab00018c89a8,Approved,2018-03-30 22:56:24.248000,2018-03-30 23:02:32.019000,367.771,18,Female,Vietnamese,United States,United States,United States,East Asian,No,Unemployed (and job seeking),12,0,100,2018-03-31 18:43:17.482000,Q077JXSFO,I only know English
5abec0a61667e40001d82c3b,5960d28c2fa2630001d87daf,Approved,2018-03-30 22:56:38.262000,2018-03-30 23:02:19.193000,340.931,38,Female,English,United Kingdom,United Kingdom,United Kingdom,Caucasian,No,"Not in paid work (e.g. homemaker, retired or disabled)",151,2,100,2018-03-31 18:43:15.337000,Q077JXSFO,I only know English
5abec0dfe1546900019bca21,55bd1d39fdf99b374ec070a7,Approved,2018-03-30 22:57:34.808000,2018-03-30 23:02:42.365000,307.557,27,Male,English,United Kingdom,United Kingdom,South Africa,Caucasian,No,Part-Time,335,1,100,2018-03-31 18:43:19.089000,Q077JXSFO,I only know English
5abec0f168b65b00018d2197,596f51387ec240000170c512,Approved,2018-03-30 22:57:52.984000,2018-03-30 23:05:57.121000,484.137,31,Female,English,United States,United States,United States,Caucasian,No,Part-Time,62,1,100,2018-03-31 18:43:39.380000,Q077JXSFO,I only know English
5abec0fcfa3b4e0001733657,5a08a207087f2e0001eae18d,Approved,2018-03-30 22:58:04.819000,2018-03-30 23:04:25.228000,380.409,50,Male,English,United Kingdom,United Kingdom,United Kingdom,Caucasian,No,Full-Time,63,0,100,2018-03-31 18:43:39.049000,Q077JXSFO,I only know English
5abec1170527ba0001c1e159,5750d1dea9de4b0006e556da,Timed-Out,2018-03-30 22:58:31.011000,,236463.886593,54,Female,English,United States,United States,United States,Caucasian,No,Part-Time,327,1,100,,,I only know English
5abec140436f550001ffa580,5810dfccaba80400016f13ea,Approved,2018-03-30 22:59:12.768000,2018-03-30 23:04:37.138000,324.37,46,Male,English,United Kingdom,United Kingdom,United Kingdom,Caucasian,No,Full-Time,144,1,100,2018-03-31 18:43:37.625000,Q077JXSFO,I only know English
5abec14e1667e40001d82c4d,5748077a5e5491000e3bf711,Timed-Out,2018-03-30 22:59:26.639000,,236408.544668,23,Male,English,United States,United States,United States,Caucasian,Yes,Part-Time,132,3,100,,,I only know English
5abec15c1667e40001d82c4f,5ab91bd79534ba0001c6bbfc,Timed-Out,2018-03-30 22:59:40.756000,,236394.592849,32,Female,English,United Kingdom,United Kingdom,United Kingdom,Caucasian,No,Unemployed (and job seeking),3,0,100,,,I only know English
5abec181e1099600016a533b,558957c3fdf99b6be52eb070,Approved,2018-03-30 23:00:17.386000,2018-03-30 23:05:21.513000,304.127,54,Female,English,United States,United States,United States,Caucasian,Yes,Full-Time,320,0,100,2018-03-31 18:43:38.285000,Q077JXSFO,I only know English
5abec1889534ba0001c70aba,5abc517c1667e40001d80d68,Approved,2018-03-30 23:00:24.587000,2018-03-30 23:06:00.103000,335.516,24,Male,English,United States,United States,United States,African,No,Full-Time,6,0,100,2018-03-31 18:43:42.388000,Q077JXSFO,I only know English
5abec1a5a3ba7a0001b46c53,597f9aedd1cadf0001c003fc,Approved,2018-03-30 23:00:53.419000,2018-03-30 23:05:42.981000,289.562,22,Male,English,United Kingdom,United Kingdom,United Kingdom,Caucasian,Yes,"Not in paid work (e.g. homemaker, retired or disabled)",84,0,100,2018-03-31 18:43:40.384000,Q077JXSFO,I only know English
5abec1ce1667e40001d82c5a,5a47fe8cee927b0001e1eac1,Timed-Out,2018-03-30 23:01:34.191000,,236281.720191,27,Male,English,United Kingdom,United Kingdom,United Kingdom,Caucasian,No,Full-Time,28,1,100,,,I only know English
5abec24afa3b4e0001733681,59c79bdc3306be000195bb70,Timed-Out,2018-03-30 23:03:37.543000,,236158.508556,36,Male,English,United Kingdom,United Kingdom,United Kingdom,Caucasian,No,Full-Time,32,0,100,,,I only know English
5abec2a2e1546900019bca39,5a2bf45129374e000141fe16,Approved,2018-03-30 23:05:06.452000,2018-03-30 23:48:03.309000,2576.857,18,Female,English,United States,United States,United States,Caucasian,Yes,Unemployed (and job seeking),53,4,98,2018-03-31 18:48:17.150000,Q077JXSFO,I only know English
5abec302e1546900019bca3f,59fd0f13517dfb00013dac9b,Approved,2018-03-30 23:06:41.980000,2018-03-30 23:13:51.908000,429.928,64,Male,English,United Kingdom,United Kingdom,United Kingdom,Caucasian,No,"Not in paid work (e.g. homemaker, retired or disabled)",6,0,100,2018-03-31 18:47:51.715000,Q077JXSFO,I only know English
5abec307e1546900019bca40,57b8e70f35624400013d690c,Rejected,2018-03-30 23:06:47.266000,2018-03-30 23:06:55.364000,8.098,30,Female,English,United Kingdom,United Kingdom,United Kingdom,Caucasian,No,Full-Time,210,2,100,2018-03-31 18:50:54.740000,NOCODE,I only know English
5abec34efa3b4e0001733689,584753d45b0fdf00014e4f60,Approved,2018-03-30 23:07:58.971000,2018-03-30 23:14:25.044000,386.073,53,Male,English,United Kingdom,United Kingdom,United Kingdom,Caucasian,No,Part-Time,141,2,100,2018-03-31 18:47:52.275000,Q077JXSFO,I only know English
5abec35d436f550001ffa5a0,55b8113efdf99b4633359b7b,Approved,2018-03-30 23:08:13.048000,2018-03-30 23:11:56.982000,223.934,28,Male,English,Canada,Canada,Canada,Caucasian,No,Part-Time,379,1,100,2018-03-31 18:47:50.730000,Q077JXSFO,I only know English
5abec3a6e734400001d9ff39,5a904f34f6dfdd0001ea2283,Timed-Out,2018-03-30 23:09:25.985000,,235812.465853,33,Female,English,United Kingdom,United Kingdom,United Kingdom,Caucasian,No,Full-Time,16,0,100,,,I only know English
5abec3d7e734400001d9ff3b,59b2de26180e830001575bab,Approved,2018-03-30 23:10:15.550000,2018-03-30 23:17:00.653000,405.103,26,Male,English,United Kingdom,United Kingdom,United Kingdom,Caucasian,No,Full-Time,166,3,100,2018-03-31 18:47:52.743000,Q077JXSFO,I only know English
5abec424e734400001d9ff3e,5a9949f035237b00011286a6,Approved,2018-03-30 23:11:32.042000,2018-03-30 23:18:51.586000,439.544,26,Female,English,United Kingdom,United Kingdom,United Kingdom,Caucasian,No,Unemployed (and job seeking),21,1,100,2018-03-31 18:47:55.061000,Q077JXSFO,I only know English
5abec4ca436f550001ffa5af,55aa47b2fdf99b4b4b778f03,Approved,2018-03-30 23:14:18.062000,2018-03-30 23:20:48.503000,390.441,35,Female,English,United Kingdom,United Kingdom,United Kingdom,Caucasian,No,Full-Time,128,0,100,2018-03-31 18:47:56.001000,Q077JXSFO,I only know English
5abec4f11667e40001d82c71,59b73df56039190001eaa9e7,Approved,2018-03-30 23:14:56.706000,2018-03-30 23:19:11.259000,254.553,44,Male,English,United Kingdom,United Kingdom,United Kingdom,Caucasian,No,Unemployed (and job seeking),144,1,100,2018-03-31 18:47:53.733000,Q077JXSFO,I only know English
5abec51c68b65b00018d21cb,59b8d41a7547b100012d6f92,Approved,2018-03-30 23:15:40.050000,2018-03-30 23:20:34.297000,294.247,47,Female,English,United Kingdom,United Kingdom,United Kingdom,Caucasian,No,Part-Time,88,2,100,2018-03-31 18:47:55.992000,Q077JXSFO,I only know English
5abec55f436f550001ffa5b2,5a9b3f81873cda0001dcb475,Approved,2018-03-30 23:16:47.833000,2018-03-30 23:22:38.499000,350.666,28,Male,English,Canada,Canada,Canada,Caucasian,No,Part-Time,11,0,100,2018-03-31 18:48:02.426000,Q077JXSFO,I only know English
5abec573a3ba7a0001b46c6c,58f669cefb4d7500014af69b,Approved,2018-03-30 23:17:06.605000,2018-03-30 23:22:28.499000,321.894,41,Male,English,United Kingdom,United Kingdom,United Kingdom,Caucasian,No,"Not in paid work (e.g. homemaker, retired or disabled)",304,0,100,2018-03-31 18:48:02.606000,Q077JXSFO,I only know English
5abec5a80527ba0001c1e189,584ea9b8d5c5b60001141dde,Approved,2018-03-30 23:18:00.135000,2018-03-30 23:21:42.087000,221.952,24,Male,English,United States,United States,United States,Caucasian,No,Unemployed (and job seeking),70,1,100,2018-03-31 18:48:00.358000,Q077JXSFO,I only know English
5abec5a968b65b00018d21cd,59f9950e7086f800019418b8,Timed-Out,2018-03-30 23:18:01.139000,,235298.66795,30,Female,English,United Kingdom,United Kingdom,United Kingdom,Caucasian,No,Part-Time,64,3,99,,,I only know English
5abec5b0e1546900019bca4d,59d7beb67cf1800001d4dcb7,Approved,2018-03-30 23:18:08.183000,2018-03-30 23:21:57.696000,229.513,36,Male,English,United Kingdom,United Kingdom,United Kingdom,Mixed,Yes,Part-Time,88,0,100,2018-03-31 18:48:02.178000,Q077JXSFO,I only know English
5abec5d6a3ba7a0001b46c6d,5a6e4286e6cc4a0001b6d281,Approved,2018-03-30 23:18:46.151000,2018-03-30 23:23:36.992000,290.841,29,Male,English,United Kingdom,United Kingdom,United Kingdom,Caucasian,No,Full-Time,21,3,96,2018-03-31 18:48:05.567000,Q077JXSFO,I only know English
5abec5dd9534ba0001c70ada,5a6f6e3a6923df0001ef8f8d,Approved,2018-03-30 23:18:52.978000,2018-03-30 23:28:32.361000,579.383,71,Female,English,United Kingdom,United Kingdom,United Kingdom,Caucasian,No,Part-Time,7,0,100,2018-03-31 18:48:07.784000,Q077JXSFO,I only know English
5abec5e2e1099600016a5369,59c43d6ecb3cd4000101d4ed,Approved,2018-03-30 23:18:58.529000,2018-03-30 23:24:36.074000,337.545,36,Female,English,United Kingdom,United Kingdom,United Kingdom,Caucasian,No,Part-Time,18,0,100,2018-03-31 18:48:03.447000,Q077JXSFO,I only know English
5abec61efa3b4e000173369a,55a45d8afdf99b126e6251bf,Approved,2018-03-30 23:19:58.381000,2018-03-30 23:25:22.453000,324.072,47,Female,English,United States,United States,United States,Caucasian,No,Part-Time,378,2,100,2018-03-31 18:48:07.768000,Q077JXSFO,I only know English
5abec629e1546900019bca52,5a53e9e5f6c5170001949a6e,Approved,2018-03-30 23:20:09.123000,2018-03-30 23:25:07.121000,297.998,44,Female,English,United States,United States,United States,Caucasian,No,Part-Time,28,0,100,2018-03-31 18:48:03.919000,Q077JXSFO,I only know English
5abec67ae1546900019bca55,59b704b83849cf00019374e9,Approved,2018-03-30 23:21:29.933000,2018-03-30 23:25:36.149000,246.216,20,Female,English,United Kingdom,United Kingdom,United Kingdom,Caucasian,Yes,Part-Time,50,10,91,2018-03-31 18:48:08.934000,Q077JXSFO,I only know English
5abec67dfa3b4e000173369f,572f983cad13160009008aa1,Approved,2018-03-30 23:21:33.911000,2018-03-30 23:25:50.467000,256.556,25,Female,English,United States,United States,United States,Caucasian,No,Unemployed (and job seeking),189,1,100,2018-03-31 18:48:05.656000,Q077JXSFO,I only know English
5abec67e68b65b00018d21d6,59e2b64862637600014a74e2,Timed-Out,2018-03-30 23:21:34.716000,,235086.429938,22,Female,English,United Kingdom,United Kingdom,United Kingdom,Caucasian,No,Full-Time,105,4,99,,,I only know English
5abec6b3f69e940001d948e8,5a9d78df89de8200013f1f31,Approved,2018-03-30 23:22:27.043000,2018-03-30 23:27:23.127000,296.084,43,Female,English,United Kingdom,United Kingdom,United Kingdom,Caucasian,Yes,Full-Time,19,0,100,2018-03-31 18:48:06.051000,Q077JXSFO,I only know English
5abec6d2fa3b4e00017336a4,5a1763b50fff620001a6d567,Approved,2018-03-30 23:22:58.951000,2018-03-30 23:28:47.486000,348.535,23,Female,English,United States,United States,United States,Caucasian,No,Full-Time,47,0,100,2018-03-31 18:48:11.487000,Q077JXSFO,I only know English
5abec6e668b65b00018d21dd,59f05fd65de9b000017ed8c3,Approved,2018-03-30 23:23:17.924000,2018-03-30 23:30:20.176000,422.252,32,Female,English,United States,United States,United States,Caucasian,No,"Not in paid work (e.g. homemaker, retired or disabled)",74,1,100,2018-03-31 18:48:11.143000,Q077JXSFO,I only know English
5abec717436f550001ffa5c7,5aaf4609fb22320001bab306,Approved,2018-03-30 23:24:07.245000,2018-03-30 23:33:15.934000,548.689,20,Female,English,United States,United States,United States,Caucasian,Yes,Part-Time,6,0,100,2018-03-31 18:48:13.852000,Q077JXSFO,I only know English
5abec7199534ba0001c70ae5,5712a503ba4da20011c0132f,Approved,2018-03-30 23:24:09.660000,2018-03-30 23:27:52.369000,222.709,33,Male,English,United States,United States,United States,Caucasian,No,Full-Time,144,2,100,2018-03-31 18:48:07.457000,Q077JXSFO,I only know English
5abec766e1546900019bca5d,580540118f420f00011a634c,Approved,2018-03-30 23:25:26.464000,2018-03-30 23:30:12.230000,285.766,37,Male,English,United States,United States,United States,Caucasian,No,Full-Time,491,4,100,2018-03-31 18:48:09.283000,Q077JXSFO,I only know English
5abec77a5cd105000161ff1a,594907f28fb2140001afd58d,Approved,2018-03-30 23:25:46.125000,2018-03-30 23:29:44.378000,238.253,24,Male,English,United Kingdom,United Kingdom,United Kingdom,Caucasian,Yes,"Not in paid work (e.g. homemaker, retired or disabled)",63,1,100,2018-03-31 18:48:08.737000,Q077JXSFO,I only know English
5abec77be1546900019bca5f,5aa5b9e235237b0001130132,Approved,2018-03-30 23:25:47.856000,2018-03-30 23:30:28.648000,280.792,27,Male,English,United States,United States,United States,Caucasian,Yes,Full-Time,3,0,100,2018-03-31 18:48:10.856000,Q077JXSFO,I only know English
5abec77d1667e40001d82c7d,5a24bcab681a240001ff42de,Approved,2018-03-30 23:25:49.735000,2018-03-30 23:31:51.495000,361.76,19,Female,English,United States,United States,United States,Caucasian,No,Part-Time,37,0,100,2018-03-31 18:48:11.464000,Q077JXSFO,I only know English
5abec7e9fa3b4e00017336aa,597f3eda813b0c00019cb3bd,Approved,2018-03-30 23:27:36.991000,2018-03-30 23:33:06.357000,329.366,58,Female,English,United States,United States,United States,Caucasian,No,"Not in paid work (e.g. homemaker, retired or disabled)",72,1,100,2018-03-31 18:48:13.352000,Q077JXSFO,I only know English
5abec88fe1546900019bca6b,5a5409aaac56240001537de2,Approved,2018-03-30 23:30:22.890000,2018-03-30 23:35:44.168000,321.278,24,Male,English,United Kingdom,United Kingdom,United Kingdom,Caucasian,No,Full-Time,29,0,100,2018-03-31 18:48:18.335000,Q077JXSFO,I only know English
5abec8ace1099600016a5379,595bb42745265c000166d399,Approved,2018-03-30 23:30:51.986000,2018-03-30 23:36:01.643000,309.657,28,Female,English,United Kingdom,United Kingdom,United Kingdom,Caucasian,Yes,"Not in paid work (e.g. homemaker, retired or disabled)",246,6,99,2018-03-31 18:48:18.136000,Q077JXSFO,I only know English
5abec8e568b65b00018d21ea,5873b2d22bd3c90001859b76,Approved,2018-03-30 23:31:49.429000,2018-03-30 23:47:22.285000,932.856,39,Male,English,United Kingdom,United Kingdom,United Kingdom,Caucasian,No,Full-Time,282,5,100,2018-03-31 18:48:20.108000,Q077JXSFO,I only know English
5abec8f3436f550001ffa5d3,5a1d95d8120fb3000194a4b3,Approved,2018-03-30 23:32:03.244000,2018-03-30 23:36:40.193000,276.949,56,Female,English,United States,United States,United States,Caucasian,No,Full-Time,53,2,99,2018-03-31 18:48:16.182000,Q077JXSFO,I only know English
5abec8f5436f550001ffa5d4,5a90312189de8200013e9d2c,Rejected,2018-03-30 23:32:05.467000,2018-03-30 23:32:19.736000,14.269,62,Female,English,United Kingdom,United Kingdom,United Kingdom,Caucasian,No,"Not in paid work (e.g. homemaker, retired or disabled)",16,1,99,2018-03-31 18:51:02.801000,NOCODE,I only know English
5abec92aa3ba7a0001b46c8b,581d50e882c5aa000132ce4f,Approved,2018-03-30 23:32:57.781000,2018-03-30 23:37:46.690000,288.909,31,Male,English,United States,United States,United States,Caucasian,No,Unemployed (and job seeking),165,0,100,2018-03-31 18:48:16.655000,Q077JXSFO,I only know English
5abecb740527ba0001c1e1c4,59bd9d450ac77f0001f058cb,Approved,2018-03-30 23:42:44.670000,2018-03-30 23:47:25.901000,281.231,19,Male,English,United Kingdom,United Kingdom,United Kingdom,Caucasian,Yes,"Not in paid work (e.g. homemaker, retired or disabled)",106,1,100,2018-03-31 18:48:27.294000,Q077JXSFO,I only know English
5abecc2de1099600016a538e,5745ef705bef98000fadc462,Approved,2018-03-30 23:45:49.441000,2018-03-30 23:51:45.132000,355.691,62,Female,English,United Kingdom,United Kingdom,United Kingdom,Caucasian,No,Part-Time,269,2,100,2018-03-31 18:48:20.234000,Q077JXSFO,I only know English
5abecc6be1099600016a538f,5a889897b093f80001a7f1e2,Approved,2018-03-30 23:46:51.132000,2018-03-30 23:52:32.624000,341.492,53,Female,English,United States,United States,United States,Caucasian,No,Full-Time,21,0,100,2018-03-31 18:48:25.592000,Q077JXSFO,I only know English
5abecc82436f550001ffa5ea,5a4a8802817d1800018d2549,Approved,2018-03-30 23:47:14.679000,2018-03-30 23:54:18.846000,424.167,35,Female,English,United Kingdom,United Kingdom,United Kingdom,Caucasian,No,Full-Time,68,0,100,2018-03-31 18:48:24.056000,Q077JXSFO,I only know English
5abecd5b9534ba0001c70b0c,5654b05004212700104a1d46,Approved,2018-03-30 23:50:51.682000,2018-03-30 23:55:30.564000,278.882,21,Male,English,Canada,Canada,Canada,Caucasian,Yes,Part-Time,53,1,100,2018-03-31 18:48:23.510000,Q077JXSFO,I only know English
5abecd91e1546900019bca86,57276d56e386b9000f3f8248,Approved,2018-03-30 23:51:45.931000,2018-03-30 23:55:41.109000,235.178,19,Male,English,United States,United States,United States,Caucasian,Yes,Part-Time,411,20,97,2018-03-31 18:48:22.882000,Q077JXSFO,I only know English
5abecfbfe1546900019bca9f,5589548ffdf99b6bd060167f,Approved,2018-03-31 00:01:03.811000,2018-03-31 00:06:03.178000,299.367,23,Female,English,United States,United States,United States,Mixed,Yes,Part-Time,297,1,100,2018-03-31 18:48:22.076000,Q077JXSFO,I only know English
5abfd8b0436f550001ffad11,57f697c6733f560001b5898b,Approved,2018-03-31 18:51:28.490000,2018-03-31 18:57:05.700000,337.21,34,Male,English,United Kingdom,United Kingdom,United Kingdom,Caucasian,No,Full-Time,556,2,100,2018-03-31 19:00:42.771000,Q077JXSFO,I only know English
5abfd8b85cd1050001620645,5a2fcfa8715d6a0001117b8e,Timed-Out,2018-03-31 18:51:36.407000,,164889.244663,31,Female,English,United Kingdom,United Kingdom,United Kingdom,Caucasian,No,Full-Time,62,2,100,,,I only know English
5abfd8ccf69e940001d9508a,5a4bdf7a87c6f8000137cf51,Approved,2018-03-31 18:51:56.859000,2018-03-31 18:56:09.096000,252.237,32,Female,English,United Kingdom,United Kingdom,United Kingdom,Caucasian,Yes,"Not in paid work (e.g. homemaker, retired or disabled)",39,0,100,2018-03-31 19:00:42.044000,Q077JXSFO,I only know English
5abfe1c6436f550001ffad73,59d3d572f35ff40001914c60,Approved,2018-03-31 19:30:13.630000,2018-03-31 19:35:36.241000,322.611,27,Male,English,United Kingdom,United Kingdom,United Kingdom,Caucasian,No,Full-Time,107,3,100,2018-04-01 15:05:46.146000,Q077JXSFO,I only know English
